Review,Sentiment
Very satisfied with the product,positive
Very disappointed Defective product,negative
Poor quality,negative
Worst experience,negative
Poor quality Bad packaging,negative
Five stars!,positive
I regret buying this Waste of money,negative
Stunning design,positive
Broken after two days Complete rubbish I regret buying this,negative
Broken after two days Poor quality,negative
Works perfectly,positive
Broken after two days Complete rubbish Missing parts,negative
Great value for money,positive
Worth every penny,positive
Very disappointed,negative
Waste of money,negative
I regret buying this,negative
Worst experience Broken after two days,negative
Defective product Stopped working,negative
Superb performance Smooth experience,positive
Stopped working,negative
Love this product Top notch quality,positive
Love this product Great value for money,positive
Waste of money Defective product I regret buying this,negative
Love this product Brilliant functionality,positive
Excellent build quality Very satisfied with the product,positive
Brilliant functionality Superb performance,positive
Love this product Excellent build quality,positive
Stunning design,positive
Slow and laggy,negative
Complete rubbish,negative
Do not buy this Waste of money,negative
Do not buy this,negative
Love this product Five stars!,positive
Impressive features Excellent build quality Top notch quality,positive
Worst experience,negative
I regret buying this Bad packaging Terrible customer service,negative
Stopped working Waste of money,negative
Bad packaging Horrible design,negative
Stopped working Broken after two days Defective product,negative
Waste of money Poor quality I regret buying this,negative
Fast delivery and great service The quality is amazing,positive
Fast delivery and great service,positive
Best purchase ever Worth every penny Works perfectly,positive
Love this product,positive
Broken after two days,negative
Exactly what I needed Five stars! Highly recommended,positive
Best purchase ever,positive
Stunning design,positive
Stopped working,negative
Slow and laggy Complete rubbish Horrible design,negative
Smooth experience Stunning design Fast delivery and great service,positive
Defective product Broken after two days Missing parts,negative
Five stars! Impressive features,positive
Do not buy this Not as described,negative
Poor quality,negative
Five stars! Exactly what I needed,positive
Terrible customer service,negative
Smooth experience Best purchase ever,positive
Excellent build quality,positive
Slow and laggy Do not buy this Did not work at all,negative
Slow and laggy,negative
Cheap material Not as described,negative
Very disappointed Waste of money,negative
The quality is amazing Stunning design Love this product,positive
Slow and laggy Worst experience Missing parts,negative
Five stars! Stunning design,positive
Very disappointed,negative
Exactly what I needed Brilliant functionality,positive
Works perfectly Impressive features,positive
Love this product Superb performance,positive
Superb performance Smooth experience,positive
Slow and laggy Complete rubbish,negative
Very disappointed,negative
Best purchase ever,positive
Waste of money,negative
The quality is amazing,positive
Best purchase ever,positive
Missing parts Not as described,negative
Cheap material Did not work at all,negative
Brilliant functionality Fast delivery and great service Smooth experience,positive
Love this product,positive
Exactly what I needed,positive
Love this product Works perfectly Stunning design,positive
Missing parts,negative
Waste of money,negative
Best purchase ever Very satisfied with the product,positive
Bad packaging,negative
Complete rubbish Not as described Terrible customer service,negative
Terrible customer service,negative
Top notch quality The quality is amazing,positive
Very disappointed Do not buy this,negative
Waste of money Complete rubbish,negative
Broken after two days Defective product Bad packaging,negative
Works perfectly Top notch quality,positive
Brilliant functionality The quality is amazing,positive
Works perfectly,positive
Stopped working Waste of money Slow and laggy,negative
Worth every penny The quality is amazing Works perfectly,positive
Smooth experience Brilliant functionality Superb performance,positive
Brilliant functionality,positive
Bad packaging,negative
Highly recommended,positive
Excellent build quality Smooth experience,positive
Smooth experience The quality is amazing Worth every penny,positive
Brilliant functionality,positive
Stopped working Do not buy this Did not work at all,negative
Great value for money,positive
Works perfectly Highly recommended Impressive features,positive
Works perfectly,positive
Very disappointed,negative
Stopped working Broken after two days,negative
Slow and laggy,negative
I regret buying this Cheap material Did not work at all,negative
Did not work at all Do not buy this,negative
Poor quality,negative
Very disappointed Do not buy this,negative
Excellent build quality Brilliant functionality,positive
Waste of money Stopped working,negative
Best purchase ever Impressive features,positive
Smooth experience Works perfectly Impressive features,positive
Horrible design,negative
Fast delivery and great service Stunning design,positive
Worth every penny,positive
Cheap material Complete rubbish,negative
Great value for money,positive
Excellent build quality Very satisfied with the product Exactly what I needed,positive
Missing parts,negative
Very disappointed I regret buying this Broken after two days,negative
Great value for money Highly recommended Love this product,positive
Five stars! The quality is amazing,positive
Cheap material Slow and laggy,negative
Stopped working,negative
Missing parts,negative
Horrible design Cheap material Very disappointed,negative
Top notch quality,positive
Smooth experience Top notch quality,positive
Do not buy this,negative
Cheap material,negative
Great value for money Highly recommended,positive
Worst experience Very disappointed,negative
Very satisfied with the product Top notch quality,positive
Cheap material,negative
Exactly what I needed Impressive features The quality is amazing,positive
Superb performance Exactly what I needed Smooth experience,positive
Missing parts Defective product Poor quality,negative
Exactly what I needed Fast delivery and great service,positive
Five stars! Best purchase ever,positive
Worst experience Did not work at all Do not buy this,negative
Poor quality Complete rubbish,negative
Fast delivery and great service The quality is amazing,positive
Do not buy this,negative
Stopped working,negative
Very disappointed I regret buying this Waste of money,negative
Superb performance Love this product Works perfectly,positive
Not as described Terrible customer service Do not buy this,negative
Slow and laggy Missing parts,negative
Highly recommended Great value for money,positive
Very disappointed,negative
Worst experience Waste of money,negative
Waste of money Do not buy this,negative
Do not buy this Waste of money Terrible customer service,negative
I regret buying this Bad packaging Not as described,negative
The quality is amazing Fast delivery and great service Brilliant functionality,positive
Very disappointed Terrible customer service,negative
Works perfectly Stunning design Smooth experience,positive
Worth every penny,positive
Slow and laggy,negative
Very satisfied with the product Brilliant functionality,positive
Best purchase ever,positive
Fast delivery and great service Worth every penny The quality is amazing,positive
The quality is amazing,positive
Did not work at all Stopped working,negative
Five stars! Excellent build quality,positive
Worst experience,negative
Did not work at all Waste of money Stopped working,negative
Stopped working,negative
Cheap material Terrible customer service Poor quality,negative
Do not buy this Cheap material Defective product,negative
Cheap material,negative
Superb performance,positive
Stunning design Fast delivery and great service Exactly what I needed,positive
Do not buy this,negative
Highly recommended,positive
Terrible customer service Horrible design,negative
Not as described,negative
Do not buy this Broken after two days Cheap material,negative
Smooth experience Impressive features Top notch quality,positive
Exactly what I needed Highly recommended Five stars!,positive
Horrible design Broken after two days Missing parts,negative
Very satisfied with the product Love this product,positive
Did not work at all,negative
Do not buy this,negative
Stopped working,negative
Not as described Cheap material,negative
Waste of money Bad packaging,negative
Bad packaging Very disappointed Worst experience,negative
Stopped working,negative
Poor quality Stopped working,negative
Works perfectly Love this product,positive
Complete rubbish Slow and laggy Worst experience,negative
Love this product Very satisfied with the product,positive
Cheap material Bad packaging Broken after two days,negative
Exactly what I needed Stunning design,positive
Worst experience Slow and laggy,negative
Poor quality Broken after two days,negative
Did not work at all Worst experience,negative
Slow and laggy Do not buy this,negative
Impressive features Very satisfied with the product,positive
Works perfectly Superb performance,positive
Horrible design Terrible customer service,negative
Slow and laggy Not as described,negative
Bad packaging,negative
Great value for money Works perfectly,positive
Highly recommended,positive
Worst experience Slow and laggy,negative
Terrible customer service,negative
Stopped working Broken after two days,negative
Highly recommended Smooth experience Superb performance,positive
Defective product,negative
Excellent build quality,positive
Smooth experience,positive
Defective product Slow and laggy Broken after two days,negative
Five stars! Very satisfied with the product,positive
Slow and laggy Broken after two days,negative
Did not work at all Terrible customer service Worst experience,negative
I regret buying this Bad packaging Stopped working,negative
Did not work at all Do not buy this I regret buying this,negative
Works perfectly Love this product Great value for money,positive
Top notch quality Best purchase ever Works perfectly,positive
Impressive features Best purchase ever,positive
Fast delivery and great service Great value for money Top notch quality,positive
Impressive features Stunning design,positive
Very disappointed Do not buy this Defective product,negative
Stopped working Horrible design,negative
Defective product Do not buy this Complete rubbish,negative
Very disappointed,negative
Bad packaging Waste of money Defective product,negative
Superb performance,positive
Bad packaging,negative
Great value for money,positive
Very satisfied with the product Best purchase ever,positive
Did not work at all Waste of money I regret buying this,negative
Best purchase ever Love this product,positive
Love this product Works perfectly,positive
Brilliant functionality,positive
Great value for money,positive
Impressive features,positive
Impressive features Worth every penny Fast delivery and great service,positive
Brilliant functionality Top notch quality,positive
Cheap material,negative
Worth every penny Exactly what I needed,positive
Highly recommended Brilliant functionality Worth every penny,positive
Slow and laggy Do not buy this I regret buying this,negative
Defective product,negative
Five stars!,positive
Highly recommended,positive
Five stars! The quality is amazing,positive
Five stars! Superb performance Works perfectly,positive
Waste of money,negative
Poor quality Did not work at all,negative
Cheap material Slow and laggy,negative
Excellent build quality Five stars!,positive
Brilliant functionality,positive
Broken after two days Not as described,negative
Terrible customer service Poor quality,negative
I regret buying this Worst experience,negative
Worst experience,negative
Do not buy this Slow and laggy,negative
Missing parts Complete rubbish I regret buying this,negative
Terrible customer service Cheap material I regret buying this,negative
I regret buying this,negative
Great value for money Highly recommended The quality is amazing,positive
Slow and laggy Do not buy this,negative
Brilliant functionality,positive
Defective product,negative
Impressive features Five stars!,positive
Love this product,positive
Highly recommended Love this product,positive
Not as described,negative
Very disappointed Bad packaging,negative
Very satisfied with the product Great value for money,positive
Do not buy this Complete rubbish Slow and laggy,negative
Brilliant functionality Works perfectly,positive
Slow and laggy Bad packaging,negative
The quality is amazing Smooth experience,positive
Did not work at all Not as described Cheap material,negative
Complete rubbish Broken after two days Slow and laggy,negative
Works perfectly,positive
Worst experience Not as described Defective product,negative
Superb performance Exactly what I needed Stunning design,positive
Very satisfied with the product Superb performance,positive
Cheap material,negative
Broken after two days Complete rubbish Slow and laggy,negative
Broken after two days,negative
Superb performance,positive
Brilliant functionality Impressive features Exactly what I needed,positive
Did not work at all Defective product Terrible customer service,negative
Excellent build quality Smooth experience,positive
Superb performance,positive
I regret buying this,negative
Stopped working Waste of money Very disappointed,negative
Stunning design Love this product,positive
Defective product,negative
Cheap material Complete rubbish Worst experience,negative
Poor quality Did not work at all Defective product,negative
Works perfectly,positive
Exactly what I needed,positive
Excellent build quality,positive
Complete rubbish Missing parts Not as described,negative
Very satisfied with the product,positive
Horrible design,negative
Very satisfied with the product Superb performance Top notch quality,positive
Best purchase ever The quality is amazing,positive
Worst experience Complete rubbish Stopped working,negative
Stopped working Did not work at all,negative
Love this product,positive
Fast delivery and great service,positive
The quality is amazing Top notch quality,positive
The quality is amazing Smooth experience Five stars!,positive
Impressive features,positive
I regret buying this Slow and laggy Very disappointed,negative
Slow and laggy Bad packaging,negative
Impressive features,positive
Very satisfied with the product Worth every penny,positive
Waste of money Did not work at all Broken after two days,negative
Impressive features Five stars!,positive
Best purchase ever Works perfectly,positive
Bad packaging,negative
Best purchase ever Superb performance Fast delivery and great service,positive
Very disappointed Complete rubbish,negative
Five stars! Great value for money,positive
Works perfectly,positive
Complete rubbish,negative
Smooth experience,positive
Superb performance Works perfectly,positive
Worth every penny,positive
Very satisfied with the product,positive
The quality is amazing Smooth experience Worth every penny,positive
Worst experience Did not work at all Complete rubbish,negative
Do not buy this,negative
Very disappointed Horrible design,negative
Complete rubbish,negative
Poor quality,negative
Five stars! Impressive features Top notch quality,positive
Highly recommended,positive
Five stars!,positive
Slow and laggy,negative
Do not buy this,negative
Great value for money Worth every penny Five stars!,positive
Poor quality Horrible design,negative
Five stars! Excellent build quality Love this product,positive
Five stars! Brilliant functionality,positive
Did not work at all Bad packaging,negative
Very satisfied with the product,positive
Best purchase ever Love this product Fast delivery and great service,positive
Great value for money Best purchase ever Very satisfied with the product,positive
The quality is amazing Excellent build quality,positive
Very disappointed Stopped working,negative
Bad packaging Horrible design Complete rubbish,negative
Great value for money,positive
Excellent build quality,positive
Poor quality Bad packaging Do not buy this,negative
Very satisfied with the product Highly recommended,positive
Best purchase ever,positive
Best purchase ever,positive
Worst experience I regret buying this,negative
Complete rubbish,negative
Smooth experience Stunning design Brilliant functionality,positive
Missing parts Poor quality Broken after two days,negative
Horrible design,negative
Highly recommended Love this product,positive
Brilliant functionality Five stars! Works perfectly,positive
Complete rubbish Cheap material,negative
Stopped working,negative
Defective product Horrible design,negative
Five stars! Top notch quality Exactly what I needed,positive
Did not work at all Waste of money,negative
Very satisfied with the product,positive
Defective product,negative
Five stars! Stunning design,positive
Complete rubbish Cheap material I regret buying this,negative
Fast delivery and great service,positive
Terrible customer service Broken after two days,negative
Love this product,positive
Bad packaging,negative
Superb performance The quality is amazing,positive
Do not buy this Cheap material,negative
Works perfectly,positive
Excellent build quality Top notch quality,positive
The quality is amazing Stunning design,positive
Waste of money,negative
Great value for money Fast delivery and great service Five stars!,positive
Not as described Very disappointed Missing parts,negative
Do not buy this Broken after two days,negative
Defective product Terrible customer service Broken after two days,negative
Worth every penny Stunning design Exactly what I needed,positive
I regret buying this Missing parts,negative
Missing parts Complete rubbish,negative
Poor quality Not as described,negative
Impressive features,positive
Bad packaging Very disappointed Poor quality,negative
Love this product The quality is amazing,positive
Best purchase ever,positive
Terrible customer service Did not work at all,negative
Highly recommended Works perfectly,positive
Impressive features Worth every penny Superb performance,positive
Horrible design,negative
Did not work at all,negative
Worst experience Poor quality I regret buying this,negative
Fast delivery and great service,positive
Complete rubbish Not as described Missing parts,negative
Bad packaging Cheap material Waste of money,negative
Fast delivery and great service Very satisfied with the product,positive
Very disappointed Did not work at all Worst experience,negative
Terrible customer service,negative
Impressive features Very satisfied with the product,positive
Exactly what I needed,positive
Did not work at all Broken after two days,negative
Slow and laggy Cheap material,negative
Horrible design Waste of money Poor quality,negative
Worth every penny Superb performance,positive
Do not buy this Stopped working,negative
Do not buy this Broken after two days,negative
Excellent build quality Superb performance,positive
Did not work at all Do not buy this Terrible customer service,negative
Great value for money Smooth experience Love this product,positive
Complete rubbish Slow and laggy,negative
Terrible customer service,negative
Smooth experience,positive
Fast delivery and great service,positive
Exactly what I needed,positive
Poor quality,negative
Terrible customer service Missing parts Broken after two days,negative
Not as described Missing parts,negative
The quality is amazing Top notch quality,positive
Exactly what I needed Highly recommended,positive
Bad packaging,negative
Stunning design,positive
Highly recommended Top notch quality Five stars!,positive
Superb performance Brilliant functionality,positive
Brilliant functionality Fast delivery and great service Great value for money,positive
Worth every penny Brilliant functionality Fast delivery and great service,positive
Not as described Slow and laggy Did not work at all,negative
Waste of money Not as described,negative
Best purchase ever Highly recommended Works perfectly,positive
Horrible design Bad packaging Worst experience,negative
Terrible customer service,negative
The quality is amazing Brilliant functionality,positive
Worth every penny Brilliant functionality,positive
Stunning design Top notch quality The quality is amazing,positive
Excellent build quality,positive
Highly recommended Great value for money Impressive features,positive
Impressive features,positive
Waste of money Very disappointed Cheap material,negative
Works perfectly Exactly what I needed,positive
Top notch quality Works perfectly,positive
Smooth experience,positive
Very disappointed Do not buy this Missing parts,negative
The quality is amazing Best purchase ever,positive
Exactly what I needed,positive
Missing parts,negative
Waste of money Terrible customer service Worst experience,negative
Impressive features,positive
Complete rubbish I regret buying this,negative
Bad packaging Stopped working,negative
Very disappointed,negative
Worth every penny Very satisfied with the product Five stars!,positive
Worst experience Complete rubbish Broken after two days,negative
Exactly what I needed Brilliant functionality,positive
Exactly what I needed Impressive features,positive
Worst experience Complete rubbish Missing parts,negative
Very disappointed Worst experience Complete rubbish,negative
Love this product Exactly what I needed,positive
Did not work at all Broken after two days,negative
Top notch quality,positive
Stopped working Broken after two days,negative
Excellent build quality Best purchase ever Works perfectly,positive
Excellent build quality Highly recommended,positive
Smooth experience Great value for money Stunning design,positive
Very satisfied with the product Top notch quality Impressive features,positive
Smooth experience Best purchase ever Great value for money,positive
Five stars! Brilliant functionality Love this product,positive
Complete rubbish,negative
Brilliant functionality,positive
Worst experience Very disappointed,negative
Complete rubbish Poor quality Worst experience,negative
Missing parts Worst experience Stopped working,negative
Worst experience I regret buying this Do not buy this,negative
Superb performance Brilliant functionality,positive
Fast delivery and great service,positive
Slow and laggy Worst experience Did not work at all,negative
Best purchase ever,positive
Impressive features Superb performance,positive
Bad packaging Stopped working Cheap material,negative
Excellent build quality,positive
Very disappointed Defective product Horrible design,negative
Very satisfied with the product Impressive features,positive
Missing parts I regret buying this,negative
Exactly what I needed Smooth experience,positive
Very satisfied with the product Worth every penny,positive
Stunning design,positive
Bad packaging Do not buy this,negative
Poor quality Missing parts,negative
Missing parts,negative
Great value for money Worth every penny,positive
Stopped working Broken after two days,negative
Poor quality Very disappointed,negative
Not as described Poor quality Terrible customer service,negative
Love this product Best purchase ever Excellent build quality,positive
Great value for money Excellent build quality,positive
Not as described Horrible design,negative
Do not buy this I regret buying this Missing parts,negative
Bad packaging Slow and laggy Worst experience,negative
Defective product,negative
Horrible design Bad packaging Complete rubbish,negative
The quality is amazing Best purchase ever Highly recommended,positive
Poor quality Broken after two days,negative
Smooth experience Highly recommended,positive
Best purchase ever Fast delivery and great service Excellent build quality,positive
Excellent build quality Impressive features,positive
Brilliant functionality,positive
Fast delivery and great service Stunning design,positive
Do not buy this Very disappointed,negative
Defective product Terrible customer service,negative
Worth every penny Top notch quality Excellent build quality,positive
Broken after two days Cheap material Did not work at all,negative
The quality is amazing Great value for money Impressive features,positive
Five stars!,positive
Best purchase ever Five stars! Fast delivery and great service,positive
Complete rubbish Poor quality Did not work at all,negative
Terrible customer service Worst experience,negative
Complete rubbish Terrible customer service,negative
Excellent build quality,positive
Fast delivery and great service Very satisfied with the product,positive
Did not work at all I regret buying this,negative
Fast delivery and great service,positive
Poor quality,negative
Very satisfied with the product Excellent build quality Great value for money,positive
Do not buy this Broken after two days,negative
Missing parts,negative
Highly recommended Impressive features Brilliant functionality,positive
Worst experience Missing parts Bad packaging,negative
Superb performance,positive
Defective product Terrible customer service,negative
Waste of money Worst experience Poor quality,negative
Waste of money,negative
Horrible design,negative
Top notch quality,positive
Horrible design Not as described,negative
Waste of money Slow and laggy,negative
The quality is amazing,positive
Works perfectly,positive
Highly recommended,positive
Bad packaging,negative
Love this product,positive
Slow and laggy Complete rubbish,negative
Five stars! Exactly what I needed Great value for money,positive
Impressive features Five stars! Highly recommended,positive
Complete rubbish Stopped working,negative
Did not work at all Broken after two days,negative
The quality is amazing,positive
Brilliant functionality Best purchase ever,positive
Worst experience Cheap material Do not buy this,negative
Excellent build quality Stunning design,positive
Broken after two days Cheap material Bad packaging,negative
Complete rubbish Terrible customer service,negative
Do not buy this Bad packaging Defective product,negative
Very disappointed Poor quality,negative
The quality is amazing,positive
Impressive features Five stars!,positive
Not as described Waste of money,negative
Fast delivery and great service Worth every penny,positive
Top notch quality Smooth experience,positive
Best purchase ever,positive
Exactly what I needed Superb performance,positive
Top notch quality,positive
Excellent build quality,positive
Top notch quality,positive
Cheap material Not as described,negative
Not as described I regret buying this Missing parts,negative
Do not buy this Waste of money,negative
Excellent build quality Exactly what I needed,positive
Waste of money,negative
Impressive features Love this product Smooth experience,positive
Works perfectly,positive
Very disappointed,negative
Brilliant functionality Worth every penny Best purchase ever,positive
Excellent build quality,positive
Love this product,positive
Works perfectly Best purchase ever Highly recommended,positive
Complete rubbish Bad packaging Cheap material,negative
Not as described Complete rubbish Missing parts,negative
Worth every penny Five stars!,positive
Excellent build quality Top notch quality,positive
I regret buying this,negative
Worst experience,negative
Missing parts,negative
Terrible customer service Very disappointed,negative
The quality is amazing Brilliant functionality,positive
Terrible customer service Missing parts,negative
Worth every penny Excellent build quality,positive
Great value for money Love this product,positive
Very satisfied with the product Excellent build quality Impressive features,positive
Slow and laggy,negative
Five stars! Top notch quality The quality is amazing,positive
Bad packaging,negative
Complete rubbish Slow and laggy Not as described,negative
Worth every penny,positive
I regret buying this Very disappointed,negative
Stunning design Five stars! Fast delivery and great service,positive
Did not work at all Cheap material,negative
I regret buying this Waste of money,negative
Brilliant functionality Excellent build quality Exactly what I needed,positive
Top notch quality Exactly what I needed,positive
Great value for money Works perfectly,positive
Five stars! The quality is amazing Very satisfied with the product,positive
Do not buy this,negative
Brilliant functionality Top notch quality,positive
Brilliant functionality,positive
Terrible customer service I regret buying this,negative
Did not work at all Defective product,negative
Not as described I regret buying this,negative
Love this product,positive
Cheap material Defective product,negative
Works perfectly,positive
Brilliant functionality Stunning design,positive
Do not buy this,negative
Not as described Defective product,negative
Cheap material,negative
Stunning design,positive
Great value for money Smooth experience Impressive features,positive
Exactly what I needed,positive
Bad packaging,negative
Very satisfied with the product Great value for money,positive
Highly recommended Impressive features,positive
Cheap material,negative
Five stars! Brilliant functionality Love this product,positive
Waste of money Defective product,negative
Superb performance Works perfectly,positive
Works perfectly Exactly what I needed,positive
Terrible customer service Complete rubbish Horrible design,negative
Terrible customer service Broken after two days Not as described,negative
Stunning design Worth every penny,positive
Did not work at all,negative
Stopped working Terrible customer service,negative
I regret buying this,negative
I regret buying this Missing parts,negative
Highly recommended,positive
Exactly what I needed Great value for money Impressive features,positive
Stunning design Superb performance Brilliant functionality,positive
Worth every penny Superb performance,positive
Brilliant functionality Works perfectly,positive
Broken after two days,negative
Best purchase ever Five stars! Highly recommended,positive
Do not buy this Very disappointed,negative
Smooth experience Fast delivery and great service,positive
Stopped working Horrible design,negative
Stunning design Top notch quality Works perfectly,positive
Worst experience Did not work at all,negative
I regret buying this,negative
Best purchase ever Stunning design,positive
Works perfectly Brilliant functionality,positive
Smooth experience Best purchase ever,positive
Bad packaging Slow and laggy,negative
Missing parts Did not work at all,negative
Bad packaging Did not work at all Slow and laggy,negative
Stopped working Broken after two days,negative
Great value for money Highly recommended Exactly what I needed,positive
Very satisfied with the product Superb performance Five stars!,positive
Stunning design Superb performance,positive
Complete rubbish,negative
Fast delivery and great service Love this product Great value for money,positive
Exactly what I needed Great value for money Smooth experience,positive
Broken after two days Bad packaging I regret buying this,negative
Very satisfied with the product Stunning design Works perfectly,positive
Missing parts Poor quality Not as described,negative
I regret buying this,negative
Terrible customer service,negative
Superb performance Top notch quality,positive
Top notch quality Worth every penny Five stars!,positive
I regret buying this,negative
Bad packaging Stopped working,negative
Love this product Very satisfied with the product Impressive features,positive
Defective product Horrible design,negative
Highly recommended Top notch quality,positive
Poor quality Slow and laggy Horrible design,negative
Best purchase ever,positive
Not as described Missing parts,negative
Impressive features Fast delivery and great service Great value for money,positive
Works perfectly,positive
Fast delivery and great service,positive
Exactly what I needed,positive
Horrible design Do not buy this Did not work at all,negative
Stopped working Waste of money,negative
Worth every penny Top notch quality,positive
Complete rubbish Worst experience Do not buy this,negative
Stopped working,negative
Worst experience,negative
Broken after two days Defective product Did not work at all,negative
Missing parts Did not work at all,negative
Fast delivery and great service,positive
Exactly what I needed Fast delivery and great service The quality is amazing,positive
Stunning design Fast delivery and great service Highly recommended,positive
Great value for money The quality is amazing Works perfectly,positive
Broken after two days,negative
Worst experience Poor quality I regret buying this,negative
Cheap material I regret buying this Complete rubbish,negative
Excellent build quality Very satisfied with the product,positive
Horrible design,negative
Top notch quality Works perfectly,positive
Broken after two days Terrible customer service,negative
Brilliant functionality Superb performance Worth every penny,positive
Complete rubbish Very disappointed Slow and laggy,negative
Complete rubbish Cheap material,negative
Brilliant functionality Great value for money,positive
Defective product Cheap material Slow and laggy,negative
Defective product,negative
Missing parts,negative
Bad packaging Stopped working Not as described,negative
Poor quality,negative
Terrible customer service Bad packaging Missing parts,negative
Highly recommended Best purchase ever Excellent build quality,positive
Brilliant functionality Fast delivery and great service Works perfectly,positive
Did not work at all,negative
Poor quality,negative
Great value for money,positive
Highly recommended Fast delivery and great service Exactly what I needed,positive
Terrible customer service Broken after two days,negative
Love this product Impressive features,positive
Bad packaging Do not buy this I regret buying this,negative
The quality is amazing,positive
Did not work at all Do not buy this,negative
Superb performance Brilliant functionality Exactly what I needed,positive
Bad packaging Terrible customer service Horrible design,negative
Excellent build quality,positive
Terrible customer service,negative
Slow and laggy,negative
Not as described I regret buying this Defective product,negative
Superb performance Great value for money Five stars!,positive
Terrible customer service Cheap material,negative
Brilliant functionality,positive
The quality is amazing Worth every penny Stunning design,positive
Not as described Slow and laggy Stopped working,negative
Cheap material Slow and laggy,negative
I regret buying this Complete rubbish,negative
I regret buying this Missing parts Waste of money,negative
Works perfectly Exactly what I needed,positive
Five stars!,positive
Worst experience Missing parts Terrible customer service,negative
Complete rubbish Broken after two days Slow and laggy,negative
Poor quality Worst experience,negative
Cheap material Waste of money,negative
Stopped working,negative
Defective product,negative
Bad packaging,negative
Fast delivery and great service Brilliant functionality Best purchase ever,positive
Broken after two days Horrible design Very disappointed,negative
Brilliant functionality Great value for money Fast delivery and great service,positive
Stunning design Fast delivery and great service,positive
Stunning design Superb performance,positive
Great value for money Superb performance,positive
Works perfectly Top notch quality Superb performance,positive
Terrible customer service Complete rubbish,negative
Did not work at all Missing parts,negative
Poor quality,negative
Horrible design,negative
Worst experience,negative
Worth every penny Brilliant functionality,positive
Stunning design,positive
Smooth experience,positive
The quality is amazing Excellent build quality Impressive features,positive
Stopped working,negative
Defective product,negative
Did not work at all Cheap material,negative
Did not work at all,negative
Slow and laggy,negative
Top notch quality Smooth experience,positive
Cheap material,negative
Love this product,positive
Horrible design,negative
Best purchase ever Worth every penny Five stars!,positive
Love this product,positive
Smooth experience Very satisfied with the product,positive
Did not work at all Slow and laggy Stopped working,negative
Very disappointed Poor quality,negative
Stunning design Five stars! Highly recommended,positive
Smooth experience,positive
Worst experience Waste of money,negative
Fast delivery and great service,positive
Great value for money,positive
Cheap material,negative
Very satisfied with the product Works perfectly,positive
Love this product,positive
Brilliant functionality Smooth experience Highly recommended,positive
Stopped working Complete rubbish,negative
The quality is amazing,positive
Top notch quality,positive
Five stars!,positive
Not as described,negative
Horrible design Cheap material Defective product,negative
Cheap material,negative
Impressive features Superb performance Brilliant functionality,positive
Worth every penny Top notch quality Impressive features,positive
Very disappointed Poor quality,negative
Smooth experience Five stars!,positive
Exactly what I needed,positive
Slow and laggy Missing parts Bad packaging,negative
Impressive features Brilliant functionality,positive
Bad packaging,negative
Impressive features Smooth experience,positive
Works perfectly,positive
Highly recommended Best purchase ever Stunning design,positive
Slow and laggy,negative
Very disappointed Waste of money,negative
Best purchase ever Smooth experience Exactly what I needed,positive
Broken after two days Waste of money,negative
Love this product,positive
Missing parts,negative
Complete rubbish,negative
Works perfectly Brilliant functionality,positive
Poor quality,negative
Worst experience Missing parts Very disappointed,negative
Slow and laggy,negative
Poor quality Terrible customer service,negative
Very satisfied with the product,positive
Superb performance Love this product Smooth experience,positive
Very satisfied with the product The quality is amazing,positive
Smooth experience,positive
Best purchase ever Fast delivery and great service,positive
Worth every penny The quality is amazing Works perfectly,positive
Top notch quality Highly recommended The quality is amazing,positive
Horrible design Stopped working Do not buy this,negative
Excellent build quality Smooth experience Exactly what I needed,positive
Very satisfied with the product Highly recommended,positive
Very satisfied with the product Five stars! Great value for money,positive
Worth every penny Brilliant functionality Five stars!,positive
Missing parts,negative
Brilliant functionality Excellent build quality Fast delivery and great service,positive
Do not buy this Stopped working,negative
Great value for money Works perfectly Superb performance,positive
Terrible customer service Missing parts Broken after two days,negative
Stunning design Top notch quality,positive
Not as described Missing parts Slow and laggy,negative
Cheap material Did not work at all,negative
Worst experience Defective product Horrible design,negative
Stopped working,negative
Bad packaging,negative
Exactly what I needed Smooth experience Fast delivery and great service,positive
I regret buying this Not as described,negative
The quality is amazing Brilliant functionality Best purchase ever,positive
Complete rubbish Missing parts Do not buy this,negative
Works perfectly,positive
Worth every penny Five stars! Excellent build quality,positive
Very disappointed Missing parts Broken after two days,negative
Best purchase ever Fast delivery and great service Great value for money,positive
I regret buying this Waste of money Poor quality,negative
Very satisfied with the product Fast delivery and great service Great value for money,positive
The quality is amazing Worth every penny,positive
Did not work at all Terrible customer service Slow and laggy,negative
Smooth experience,positive
Stunning design Best purchase ever Exactly what I needed,positive
Smooth experience Very satisfied with the product,positive
Five stars!,positive
Very disappointed,negative
Worth every penny Works perfectly Very satisfied with the product,positive
Great value for money Works perfectly,positive
Complete rubbish,negative
Very satisfied with the product Excellent build quality Fast delivery and great service,positive
Bad packaging Complete rubbish Broken after two days,negative
Waste of money Did not work at all,negative
Poor quality Missing parts,negative
Love this product Excellent build quality,positive
Bad packaging Very disappointed Do not buy this,negative
Best purchase ever Brilliant functionality,positive
Best purchase ever Great value for money,positive
Great value for money Exactly what I needed,positive
Brilliant functionality,positive
Exactly what I needed Impressive features Fast delivery and great service,positive
Do not buy this,negative
Excellent build quality The quality is amazing Very satisfied with the product,positive
Superb performance Best purchase ever Impressive features,positive
Did not work at all Bad packaging Poor quality,negative
Waste of money Terrible customer service,negative
Great value for money,positive
Poor quality,negative
Top notch quality Works perfectly Excellent build quality,positive
Highly recommended Five stars! Best purchase ever,positive
Love this product Smooth experience,positive
Terrible customer service Do not buy this,negative
Love this product,positive
Cheap material Bad packaging,negative
Bad packaging,negative
Top notch quality Works perfectly Smooth experience,positive
Do not buy this I regret buying this,negative
Slow and laggy Bad packaging Poor quality,negative
Horrible design Bad packaging,negative
The quality is amazing Very satisfied with the product Impressive features,positive
Highly recommended Worth every penny Superb performance,positive
Terrible customer service Missing parts Poor quality,negative
